path,size_bytes,sha256,mode,role
.gitattributes,142,b1ac8fd68da255c94e974c760bff65156d67bab9033dd71b0290c05e9e90c36e,0o644,metadata_or_reproduction
.github/workflows/verify.yml,1331,e6a87ff0dffbdd85dc38e500abbd3e95d6a0730ff6a99a4c431503b9faab71b9,0o644,metadata_or_reproduction
.gitignore,249,ffd93396be6ae80f46d2352e5f5398ba9e14f4440aabcbe5a249f08855f3bc1c,0o644,metadata_or_reproduction
00_START_HERE/DIRECTORY_MAP.md,1014,966315bab5cbd38a2c89361d30c25cd8abad5672f1f295a01d36652990df2770,0o644,metadata_or_reproduction
00_START_HERE/NONCLAIMS.md,479,34608f6c14a69ad7a0c83a5712a552e0db6b938ccdface6f5c5b9bfc9a92fd2f,0o644,metadata_or_reproduction
00_START_HERE/README_FR.md,497,9f48cae11f8abc9b2b1f73a6447c580b84b010d515b3b9971798bd237c73c095,0o644,metadata_or_reproduction
00_START_HERE/STATUS_AND_LIMITATIONS.md,1144,479ed7fa6e1661603b473a9ee4d85476fd02c0d743b1ac8a7d6585942a7515fd,0o644,metadata_or_reproduction
01_CANONICAL/asymptotic_quotient_fitting/README.md,895,8f54df261d4beb535473b9264e9eadea0921403aebb2e5e91f65ac4c679a762d,0o644,canonical
01_CANONICAL/asymptotic_quotient_fitting/SHA256SUMS.txt,580,a70df40790b712d917cab3c74049cce0ef7ae6a3459f271a03f728d8fb29ae58,0o644,canonical
01_CANONICAL/asymptotic_quotient_fitting/STATUS.md,514,fb0038bab8c3098f743e77a9c6c21bd3c034c9523c64d9c8c721fcac8d7cd531,0o644,canonical
01_CANONICAL/asymptotic_quotient_fitting/certificates/asymptotic_obstruction_checks.json,146789,dca4011f6a9ad1c70b6d6a4ccadce61a46da99bbb3597c2d747a5884a474c88e,0o644,canonical
01_CANONICAL/asymptotic_quotient_fitting/certificates/verification_attestation.json,354,799cbd5c69d357d7dcd81cab5163b905d6b1bf4f24b19f29c757716c05ddf381,0o644,canonical
01_CANONICAL/asymptotic_quotient_fitting/report/theoreme_asymptotique.md,7953,40b2b1d9d2549f0760c8a3229e09f84c4f1a6722b0ba8006247d2fb79f795131,0o644,canonical
01_CANONICAL/asymptotic_quotient_fitting/scripts/verify_asymptotic_obstruction.py,9329,b3b7bfcc7919ff605bd62c219082b6f26822f17e6a7d6fc42a97eebb3810d88d,0o644,canonical
01_CANONICAL/compound_hessian_schur_fitting/CLAIMS.md,1182,d92daaffea3d1650910a506c158123c34de4764e9ac450457d0667f1010b5c04,0o644,canonical
01_CANONICAL/compound_hessian_schur_fitting/README_FR.md,2233,8d5cfdad1c122c6c00fa9951b477b9e23ad4a2bd88ce77ad39b7c90038407fd2,0o644,canonical
01_CANONICAL/compound_hessian_schur_fitting/SHA256SUMS.txt,3912,d1233dd9fc80d0a64e71bf5ef2cd28d5122544476117644075d795b4d2936f5e,0o644,canonical
01_CANONICAL/compound_hessian_schur_fitting/certificates/compound_hessian_r2_three_primes.json,6737,463f56810788d6198603c19286ab422f0f99a035a032eb03eca53174d3f944ec,0o644,canonical
01_CANONICAL/compound_hessian_schur_fitting/certificates/compound_hessian_r3_per_s0.json,422,72893261444269c084fa1202b343eb90e31b5c8001da0b490166ed2fad0841b1,0o644,canonical
01_CANONICAL/compound_hessian_schur_fitting/certificates/exact_det_sym51_rank36_rep.json,977,17523a54317aa52a792d1f81c9d390111a2f5695a8f68310b38b44661365cad1,0o644,canonical
01_CANONICAL/compound_hessian_schur_fitting/certificates/exact_fitting_s0.json,411,2905a13a3f5572926927ff66c309ea376735030360aa981c1826f2d7f6f6bc21,0o644,canonical
01_CANONICAL/compound_hessian_schur_fitting/certificates/exact_fitting_s1.json,447,9174f6554a6b5eaefee8ca74cd6992433f40bc936b3e1ef08a2352068d40955a,0o644,canonical
01_CANONICAL/compound_hessian_schur_fitting/certificates/exact_fitting_s2.json,453,0f6e438829dcdf938369a85124b8d6e4834df5158fade0a7b0712df8cf0890e9,0o644,canonical
01_CANONICAL/compound_hessian_schur_fitting/certificates/exact_per_wedge_cross_sym_51_i0.json,401,14e9bf383234d5df723ffae91fb4d4a5c7a3032959254000c9966ba2a9717089,0o644,canonical
01_CANONICAL/compound_hessian_schur_fitting/certificates/representation_decomposition.json,5749,d29a9403b4d8921b14d849024da0f2e3b50379d05edf6bac68d5e58a1f4ebfe4,0o644,canonical
01_CANONICAL/compound_hessian_schur_fitting/certificates/reproduction_attestation.json,1426,c513c6973aeb65870d36ffb76ffea75901ab2cd24b5a4e8b1724e1ca98e58624,0o644,canonical
01_CANONICAL/compound_hessian_schur_fitting/certificates/summary.json,3435,9f15d39ac7df827849ba2d36feadfdb199519dca16c461defd47940a797eac94,0o644,canonical
01_CANONICAL/compound_hessian_schur_fitting/certificates/young_contractions_manifest.json,4496,cc5064dd858963edba3866c723660fef50e79bd9f1d7dacc9520730dd073590f,0o644,canonical
01_CANONICAL/compound_hessian_schur_fitting/certificates/young_det_L2_to_S51.json,318,45d20a7d28c47f08c06ef996e96ebbc60487461c069a4c11d394dce4298e2d8b,0o644,canonical
01_CANONICAL/compound_hessian_schur_fitting/certificates/young_det_S2_to_S42.json,318,d611131c5099f0f6cea5121e853e0ab6ac5732955812e91cdd3abdc3ea23fa62,0o644,canonical
01_CANONICAL/compound_hessian_schur_fitting/certificates/young_det_S2_to_S51_modular.json,316,b20611212ee920ea2458a144e8f23b37e55d5590656f2231dc6f2470042be12c,0o644,canonical
01_CANONICAL/compound_hessian_schur_fitting/certificates/young_det_S2_to_S6.json,291,56705faec35eb3db212c7bc41b5bc9e5ce94982c00d2c0cbef8b782af62f0e96,0o644,canonical
01_CANONICAL/compound_hessian_schur_fitting/certificates/young_per_L2_to_S51.json,1280,79e369ae534bf7e022ee7127cc6ccc71ec8167c2eb21faee85d2d9afb04fc384,0o644,canonical
01_CANONICAL/compound_hessian_schur_fitting/certificates/young_per_S2_to_S42.json,2242,3a3cbf24736fb3184e443c41d0d6997071a4973eb60d189607adfaf0211d9ed7,0o644,canonical
01_CANONICAL/compound_hessian_schur_fitting/certificates/young_per_S2_to_S51_modular.json,1278,7d5de5866d1d48e9ac1151702fec75d075c59fba95c2484f9d544c856ab30dcc,0o644,canonical
01_CANONICAL/compound_hessian_schur_fitting/certificates/young_per_S2_to_S6.json,289,abad2722c67931eba23b9b57e5e0ee55cd89944303830d770f5a36bf259c49d5,0o644,canonical
01_CANONICAL/compound_hessian_schur_fitting/forensic/r3_det_rank_lower_6832_full_witness.json,836138,079b40e0d660f53b8b16c9ac5a62ccbab59a51d47d57598fd49f529b8adf2cb9,0o644,canonical
01_CANONICAL/compound_hessian_schur_fitting/report/rapport_resultats.md,8485,d9703fb51c22b276d408486f211efac9bff31a78dd766f29058a879652a74ba4,0o644,canonical
01_CANONICAL/compound_hessian_schur_fitting/reproduce_all.sh,5113,3cfef1634a8e8018f18b039064303118f7d42ea0c44c33473de285bbbb0d4136,0o644,canonical
01_CANONICAL/compound_hessian_schur_fitting/requirements.txt,14,25f9f1fb1988b230147a1d3092d34e09c069eb7a6c6d6df46b3973b9f2d36efc,0o644,canonical
01_CANONICAL/compound_hessian_schur_fitting/scripts/compound_hessian_r2.py,12039,1b600d70a72bf1b3b323952377d3e238c83738015d504ba93307ed7cff304285,0o644,canonical
01_CANONICAL/compound_hessian_schur_fitting/scripts/compound_hessian_r3_s0.py,2209,03ccaff0bbe3868491f5306a5637f4db5e9cae079d45c4c0e707e286c68f6035,0o644,canonical
01_CANONICAL/compound_hessian_schur_fitting/scripts/det_sym51_rep_certificate.py,2319,c5b4a23043f7d80549f2051aa684e705702a2d74bf754f2d6bacfb34093e2c38,0o644,canonical
01_CANONICAL/compound_hessian_schur_fitting/scripts/exact_fitting_s0.py,1101,3e115da7d9b74331e7e3a508093165b41b71d16335cc6018ef34c50ae10a80e4,0o644,canonical
01_CANONICAL/compound_hessian_schur_fitting/scripts/exact_fitting_s1.py,1211,d39a897630cc6587797d119750969123ff390e27838d9d635f4a92e790116861,0o644,canonical
01_CANONICAL/compound_hessian_schur_fitting/scripts/exact_fitting_s2.py,1213,2318397e21a252d27475a996079033ffcf69216b27c6211845fa4e438c531a53,0o644,canonical
01_CANONICAL/compound_hessian_schur_fitting/scripts/exact_projected_rank.py,3853,19f9c9cb52e7a25db349f6ea6922aa133ebb6843b71be9b59dc1d3f1052455b0,0o644,canonical
01_CANONICAL/compound_hessian_schur_fitting/scripts/export_tensor_rows.py,1550,05e0649b0d6c0044230afadb4a72ce27cc34077aae297e3707f7acb7a076b5d6,0o644,canonical
01_CANONICAL/compound_hessian_schur_fitting/scripts/export_young_contractions.py,3831,ddfcb60154f7ee1efb63eee2a1fdfef88fa3460ddd33c87f1c78813fa36d3fd7,0o644,canonical
01_CANONICAL/compound_hessian_schur_fitting/scripts/r3_det_lower_bound.py,1827,7ce83d194f0cea6e245f6f7a39fbc667b003d9804c1b2a9901e8baa42f022a54,0o644,canonical
01_CANONICAL/compound_hessian_schur_fitting/scripts/representation_decomposition.py,5337,6adac43b42399696a13b39eedeefcdd1369eb141b56044d8ea595db12aca7223,0o644,canonical
01_CANONICAL/compound_hessian_schur_fitting/scripts/schur_block_r2_k2.py,7986,48929666f8de2cd82a18fda0f7fba6c4a3ad4a9de9af0681dc32b17275948aa6,0o644,canonical
01_CANONICAL/compound_hessian_schur_fitting/scripts/schur_sketch.cpp,8272,f317672d66d182e1b60471c903f542a67dee05cb567547f19b706a911f4632bb,0o644,canonical
01_CANONICAL/compound_hessian_schur_fitting/verify_package.py,6789,9faad0717fda5e3707e7f66f723f9201adda46200dc1ff21c3dee25f630351fa,0o644,canonical
01_CANONICAL/jet_conormal_program/CLAIMS.md,901,f6f35f78ca4af2dce19dcbd1f3ce062767b564be8d62f2f8c234882b5f863dbc,0o644,canonical
01_CANONICAL/jet_conormal_program/README_FR.md,907,991f16f434de2828dfaee35ca08375ba843dc9310ffb2cbe302f8f903ad4e277,0o644,canonical
01_CANONICAL/jet_conormal_program/SHA256SUMS.txt,1126,bb52bf8d6c8d3dec96ea5896c3219af8aa23f2773eaac1851469a84e5e394b43,0o644,canonical
01_CANONICAL/jet_conormal_program/certificates/conormal_graph_modular.json,3217,d234249e9345bc87e8d2fe544b910644eaf3d0df578318f8b5a2ab9dea6d6cb7,0o644,canonical
01_CANONICAL/jet_conormal_program/certificates/jacobian_linear_syzygies_exact.json,911,b4f716014b00e010622accd2ed7907918edfe16e8013241f912e881e1a92f328,0o644,canonical
01_CANONICAL/jet_conormal_program/certificates/mixed_jet_exact.json,2386,5818ca5d514029855a881d966ca944ab816f3f5b98dfa1899874577472f3027e,0o644,canonical
01_CANONICAL/jet_conormal_program/report/formalisme_jet_conormal.md,6915,3726468c6dc3704db6176815d3ee4b2b2dfbe881072d38c67d46ccdbd9d88fbb,0o644,canonical
01_CANONICAL/jet_conormal_program/requirements.txt,12,e147d2424c1945feb9ef5f0b157e15ec62f9b4055b5c936a786a22a6a6ce62e3,0o644,canonical
01_CANONICAL/jet_conormal_program/scripts/conormal_graph_probe.py,2893,b391485a264f0d00e395b56509030e46fb2bf502a1836c5195de65241d9be8a0,0o644,canonical
01_CANONICAL/jet_conormal_program/scripts/jacobian_linear_syzygies.py,2337,d697afda706750bd846b2eb7f88d09b7a17f300cef882067c89e5cb02b4fc466,0o644,canonical
01_CANONICAL/jet_conormal_program/scripts/mixed_jet_probe.py,2083,a5d268a073ddab880193970c4dac36c1816cbc0ad71122851bf7b47f716797bf,0o644,canonical
01_CANONICAL/jet_conormal_program/scripts/sparse_poly.py,3167,6de0b0864fdb780732dd93865c48f859c83559b5ce72ec8ec04ec2f2cb3d2a6a,0o644,canonical
01_CANONICAL/jet_conormal_program/verify_package.py,1085,d07402af31b27c7a7dfc62be26ed91cc3d87c4a23beb51e1b8bc518133e19670,0o644,canonical
01_CANONICAL/padded_rank_reversal/CLAIMS.md,1011,f53e95cf554ac688446037a09035e538c94a30715cd51899599079467921a024,0o644,canonical
01_CANONICAL/padded_rank_reversal/README_FR.md,860,8cfc47520b8890938a8b86e93c45ef733220e4251192a8a2a78d5c36224b894e,0o644,canonical
01_CANONICAL/padded_rank_reversal/SHA256SUMS.txt,879,82418728add47a3d4c795963bdee3b456881afdbfee48b3c27eb07a3ad514f23,0o644,canonical
01_CANONICAL/padded_rank_reversal/certificates/det4_singular_hessian_rank_certificate.json,20926,71d4b271c5fecf2cb4a459039bffae2db3b9d590a9e80662f9629b1183929b6b,0o644,canonical
01_CANONICAL/padded_rank_reversal/certificates/padded_permanent_nondivisibility_witness.json,1513,93dcc26cf51a2641d06837ce4f253daecdc20d58915536b282c1a78d2ba62bc6,0o644,canonical
01_CANONICAL/padded_rank_reversal/certificates/rank_reversal_summary.json,1346,b3e515b00cb0ef09de04dedfe99ee2bd877b37bd1d9be7e5964fad31a3b5761a,0o644,canonical
01_CANONICAL/padded_rank_reversal/certificates/verification.json,675,0feafc0c7cbfe4d00f2b95279f1e52a58058ef884d906f498a985ed23c91e5f8,0o644,canonical
01_CANONICAL/padded_rank_reversal/report/rapport_preuve.md,8146,42e868e269e400151908543b93bd21a47b295947bbf84c052a3512f3be8c2412,0o644,canonical
01_CANONICAL/padded_rank_reversal/scripts/verify_rank_reversal.py,9335,c3c1b94281a7bff407a6fad39d9e4e333bf740658da82cd0bc456c5a59e715f8,0o644,canonical
01_CANONICAL/padded_rank_reversal/verify_package.py,1102,a549b49ff306c645c4abf0f23996e5c5b21407f6504700e9d37df748899ac4f9,0o644,canonical
01_CANONICAL/reverse_hessian/.github/workflows/verify.yml,392,44be6ef7003781b165cdc55bd1a0c0b11c2e055a8b9597fa7b2c45fcc641b1d7,0o644,canonical
01_CANONICAL/reverse_hessian/.gitignore,55,cfbf7841e9ba02bac80022f22215087b64068938649b6623f9e13adc11e7e399,0o644,canonical
01_CANONICAL/reverse_hessian/.python-version,7,e72b03ed5b70312f2782f2b05055c55b24670e126d50e24c4f2c559bf288f810,0o644,canonical
01_CANONICAL/reverse_hessian/CANONICAL_HIERARCHY.md,294,3ab2186cac2e15370170e999b4d90cf75cfc36b6d77dc508320eb52e1d99437e,0o644,canonical
01_CANONICAL/reverse_hessian/CITATION.cff,304,e2f86808fef933d8581fc1e2326c97062ab48c8ebaef5eb5e3b214e6803bac78,0o644,canonical
01_CANONICAL/reverse_hessian/CLAIMS.md,1995,3bfdfcabd171cd9ec8a37f1702d27f6833dfa8b3b87c8fb88b076fc207e1f979,0o644,canonical
01_CANONICAL/reverse_hessian/LICENSE,1070,f89b4d786dbc1958ae2a5337805f7e51124a74ccce47c0712fccc6f7de440959,0o644,canonical
01_CANONICAL/reverse_hessian/MANIFEST.txt,4563,fd13894c4fccdff5ae6fcf8adc65972fbee5033d00a1ba890e2921ebdee213d2,0o644,canonical
01_CANONICAL/reverse_hessian/MERGE_REPORT.md,2906,38905361cd40d38ff377496ba0a8e870889dc3292ea4f87165f1e642b8190ef0,0o644,canonical
01_CANONICAL/reverse_hessian/README.md,3334,b6b20de464b34cd545b2b4be60bf832ae19dfd7345485f7aa3c379293c812893,0o644,canonical
01_CANONICAL/reverse_hessian/README_FR.md,1908,e9eb3c7f8ecbd50575a5eb2dd8aa8e7e75f680775fe85ec3164bed9e31467739,0o644,canonical
01_CANONICAL/reverse_hessian/SHA256SUMS.txt,11790,a092672da704fd0e5666dcbe76a5ddb190b71705cd206406a0cde3c257a257bc,0o644,canonical
01_CANONICAL/reverse_hessian/core/.github/workflows/verify.yml,385,3526bf5d34df905ee478122c4b28b840a2f25d3245cdf4e19f2812c154e93c82,0o644,canonical
01_CANONICAL/reverse_hessian/core/.python-version,7,e72b03ed5b70312f2782f2b05055c55b24670e126d50e24c4f2c559bf288f810,0o644,canonical
01_CANONICAL/reverse_hessian/core/CITATION.cff,359,72e65dc7ed1c6eb6735db9001a6beb1cb9475ff4ae5e8a4a43bbe95a81fbdab4,0o644,canonical
01_CANONICAL/reverse_hessian/core/CLAIMS.md,3744,f4d8e3e1370749bfa1abbb4802e59dc277b16b2adbb677bce17a82eb9ec57f21,0o644,canonical
01_CANONICAL/reverse_hessian/core/Dockerfile,170,199866e8d8c3a584537166b1d0144194805b23b93b43271ea193d2ef9e8d40bf,0o644,canonical
01_CANONICAL/reverse_hessian/core/FORENSIC_ARCHIVE_POINTER.md,408,f4024ee74c3823c03f985ded30c18fe241eb3d53a51a8abf79e0ef5760760e05,0o644,canonical
01_CANONICAL/reverse_hessian/core/LICENSE,673,312dc5d158f31e8421c192d8c8b7fbce1586c7fd9159daa13c91b9b05ddcefc2,0o644,canonical
01_CANONICAL/reverse_hessian/core/MANIFEST.txt,1272,5ae45efb186631bc844b17cc1348cf350e86be172e26256c47f89abeef998e1c,0o644,canonical
01_CANONICAL/reverse_hessian/core/README.md,2203,78329e5184cda4c5b40155e0a9087b53bbca2cc7d04fad04dfbe09e6d5575043,0o644,canonical
01_CANONICAL/reverse_hessian/core/REPRODUCE.md,1520,d0cb5f59caf165fafd55aefd2422e492f16a53667405665bf664798bb948e284,0o644,canonical
01_CANONICAL/reverse_hessian/core/SERIALIZATION_SPEC.md,1657,bb07b456e1e001a894b0b7b0178888df4e0ddd99d96d573f00a05c1400ecbd41,0o644,canonical
01_CANONICAL/reverse_hessian/core/SHA256SUMS_PUBLIC.txt,4110,97d0f13057eeb55aba439b235e8bfcd176b13d37a1e53cb4d57b11b57bf9dea9,0o644,canonical
01_CANONICAL/reverse_hessian/core/audit/AUDIT_RESPONSE.md,2338,c8bfa0799e37891ab27fe88f666ab993609d9fd610e9e0285549e64b70793a71,0o644,canonical
01_CANONICAL/reverse_hessian/core/audit/FINAL_VERDICT.md,1498,a47a883177469cf87f610f9392701493d25e185ae1c0c2af3a600b572d81415e,0o644,canonical
01_CANONICAL/reverse_hessian/core/audit/INDEPENDENT_AUDIT_SUMMARY.md,2241,57c2a22da10c71c6727a4150ddd9fb35773c1621cdcf7b322226995162ad7706,0o644,canonical
01_CANONICAL/reverse_hessian/core/audit/PDF_PREFLIGHT.txt,2705,dbb6a695c3dade1f94781ddb93c78180fb2efd21877abcc22e5cb12e4ff684ce,0o644,canonical
01_CANONICAL/reverse_hessian/core/audit/environment.json,396,9c984b5ed0bf7af2d679e58c38239ea44b29a96544defcf5867c68d16486c41f,0o644,canonical
01_CANONICAL/reverse_hessian/core/certificates/SHA256SUMS.txt,591,a967398d770d4b4de12be8615ffca44642a0285911b9881f2086e5a3f75032ad,0o644,canonical
01_CANONICAL/reverse_hessian/core/certificates/cross_engine_consistency.json,1238,5c45d3841eae11201dcb96e7dee7447a06d8485899e099dc253956302fe61e66,0o644,canonical
01_CANONICAL/reverse_hessian/core/certificates/independent_exact_catalecticants.json,6573,325658b37210621ce33fe47c8208c47039199269e391262fd566b8a2f673c689,0o644,canonical
01_CANONICAL/reverse_hessian/core/certificates/independent_modular_catalecticants.json,10355,7445fbd7e4b08e5973345ebee15346c0354b4bfbe4ef551a3992f6a9af7ede07,0o644,canonical
01_CANONICAL/reverse_hessian/core/certificates/primary_exact_catalecticants.json,6444,3c77fe37a78ad9cae65bba73c96f7de725aa1e73238e6384144d609dc3222585,0o644,canonical
01_CANONICAL/reverse_hessian/core/certificates/squarefree_Dper3.json,3682,fd9e34853438b0dc48d5e336c3b65fe4e8d6f776bf1bfb39cd0ac5a4afc57f7b,0o644,canonical
01_CANONICAL/reverse_hessian/core/certificates/uniform_formulas_n2_to_n8.json,5744,a7409ff5567ef76790196f4340955e5aa10ca353931c90aa31f02f5e6e09de07,0o644,canonical
01_CANONICAL/reverse_hessian/core/paper/BUILD.md,580,8e5fd2f4d4827aff311aeeae689fac80610f5e9fa9a0d64ad9660d87b643afdb,0o644,canonical
01_CANONICAL/reverse_hessian/core/paper/a_uniform_line_formula_and_hessian_orbit_incomparability.pdf,280028,b1ae8e5c37d30f871ae7d6386e6e3de9db4d2ba84d402865bb3ae1f8ad973895,0o644,canonical
01_CANONICAL/reverse_hessian/core/paper/a_uniform_line_formula_and_hessian_orbit_incomparability.tex,19180,288ce3b95d8a46954047fe8570ea3b613f5de6ee959e25dc29d5e4b7d5d9b8cf,0o644,canonical
01_CANONICAL/reverse_hessian/core/paper/build_pdf.sh,297,6cc1576abd8e57b4a5a737dd8d83c850477fd464bb2a1f792b00b158b7e73029,0o644,canonical
01_CANONICAL/reverse_hessian/core/reproduce_all.sh,222,342f23a0bd523f86b338f8e5dada56c3cdcab41608b8e6743e79a14ad63efb2f,0o644,canonical
01_CANONICAL/reverse_hessian/core/requirements.txt,28,c2e9e7c244ae7867606e6d8b3b0172d328e3f271edd51b3ef4f5451e407d8ca7,0o644,canonical
01_CANONICAL/reverse_hessian/core/run_all.py,163,137ecd49f2ce316ebc7e94575588550ebad025472b2cb2d9b91778d0c5631036,0o644,canonical
01_CANONICAL/reverse_hessian/core/runtime_logs/reproduce_all.exit,2,9a271f2a916b0b6ee6cecb2426f0b3206ef074578be55d9bc94f6f3fe3ab86aa,0o644,canonical
01_CANONICAL/reverse_hessian/core/scripts/certify_squarefree_Dper3.py,5215,6227b03cf6dde0240e8416857d24a5927f7fb3c1050cb29c764bd2858f842d78,0o644,canonical
01_CANONICAL/reverse_hessian/core/scripts/check_reproducibility.py,2146,6c3ba1aa2b86ee52eb1a8e76cefd90f5d5fa11bce721c056c58839149e773152,0o644,canonical
01_CANONICAL/reverse_hessian/core/scripts/crosscheck_certificates.py,3081,7d8418a1c80afa4df45dd222b1d75a05ba5ff005eec86f5a8034202a0cff3294,0o644,canonical
01_CANONICAL/reverse_hessian/core/scripts/independent_exact_catalecticants.py,8987,da345d735e5f729bd4c030340249576b165c39ae3af98a3689bdcf03ec729c06,0o644,canonical
01_CANONICAL/reverse_hessian/core/scripts/independent_modular_catalecticants.py,8629,9f123ebbbb0d304f771032faf8cbb712caba250d7e78f94e2227beb8cb4d603c,0o644,canonical
01_CANONICAL/reverse_hessian/core/scripts/normalize_certificates.py,1289,ce815c6844cc5e519a6e3619f4b7c48b5bd0b17cf8467bacc7cc16cffc3d27c6,0o644,canonical
01_CANONICAL/reverse_hessian/core/scripts/primary_exact_catalecticants.py,7506,d038e0af7ae9e662e7f5d451394bbc8dbb3975452902bb79239ed4f769b42c48,0o644,canonical
01_CANONICAL/reverse_hessian/core/scripts/run_all.py,4062,b7ff2e597467c029f7bf846d996bf548dd871af302314cdce7a5a625753ce75a,0o644,canonical
01_CANONICAL/reverse_hessian/core/scripts/verify_uniform_formulas.py,4867,ce83a3f5d993ede06ca4b3eae01605b08e03a48c2b2ac9c6ed34df626d88723d,0o644,canonical
01_CANONICAL/reverse_hessian/core/scripts/write_sha256sums.py,722,7af73101b2e8ecd50ae7eacadf5a3469af880c3db9445eecfb64c823d085f6c0,0o644,canonical
01_CANONICAL/reverse_hessian/core/tests/test_certificate_consistency.py,1519,3471368c5bd2badb569c9f40f74c2e8011bbbf733d3536f1fc2a78974e1403d0,0o644,canonical
01_CANONICAL/reverse_hessian/extensions/vp_vnp/.github/workflows/verify.yml,409,924365ecf11b8d430251c8885d94aea619fce5710e269b26a945f9390777a4a2,0o644,canonical
01_CANONICAL/reverse_hessian/extensions/vp_vnp/CITATION.cff,313,92d5128f2f79852708c90a0d6f489f7f2e165e16b0c4243e14c4a9cab13a2a92,0o644,canonical
01_CANONICAL/reverse_hessian/extensions/vp_vnp/CLAIMS.md,4633,a2b98f7ca83e5ebb424befbbff7fe0c10437bae6ff590f9fd9d419f3a01fb189,0o644,canonical
01_CANONICAL/reverse_hessian/extensions/vp_vnp/LICENSE,1070,f89b4d786dbc1958ae2a5337805f7e51124a74ccce47c0712fccc6f7de440959,0o644,canonical
01_CANONICAL/reverse_hessian/extensions/vp_vnp/README.md,1633,a97aeb50984f58c1dffba29f631708ac4af86e063475b1ed0834c007e8ad0972,0o644,canonical
01_CANONICAL/reverse_hessian/extensions/vp_vnp/certificates/SHA256SUMS.txt,748,3e9171ca69e03d6d79afd9ce1ab07e88ec123269e7161ddb0852e12355d132e9,0o644,canonical
01_CANONICAL/reverse_hessian/extensions/vp_vnp/certificates/catalecticant_ranks.json,4516,3aa9ac673aba18a0466740f30df7ee7f96273acba4c33c6be8dbfde4ec11d2c8,0o644,canonical
01_CANONICAL/reverse_hessian/extensions/vp_vnp/certificates/exploratory_flattenings.json,2777,21b09a115d3e5afbfc1fd10c360289bb04caa107d550fed29a0a6479a6f6cf36,0o644,canonical
01_CANONICAL/reverse_hessian/extensions/vp_vnp/certificates/independent_catalecticant_check.json,8857,4b88fcb9b5b949d8b7fcb9c0c3768351770113fff945389b5fb6c180f5f8d2c3,0o644,canonical
01_CANONICAL/reverse_hessian/extensions/vp_vnp/certificates/modular_crosscheck.json,8712,c88387024ea6313ddc9846784f4d53bda6d06fbbab4b73a3231e92b7557c07e3,0o644,canonical
01_CANONICAL/reverse_hessian/extensions/vp_vnp/certificates/squarefree_Dper3.json,1638,8a9f85b1716f03b1a6ab0fb246a1033627ce7b3fba645716a0d0b992fa525e41,0o644,canonical
01_CANONICAL/reverse_hessian/extensions/vp_vnp/certificates/transverse_hessian_experiments.json,986,7b5bf5bfaef9f74a7035c1f3c10bad6de8ef176b62c790cc77bf43bef507678d,0o644,canonical
01_CANONICAL/reverse_hessian/extensions/vp_vnp/certificates/uniform_formulas.json,2605,9f805d77104ee40b2ca7eae5e108f8dc752aa5fa828c46926fd4c92c944bf1c0,0o644,canonical
01_CANONICAL/reverse_hessian/extensions/vp_vnp/paper/references.bib,6205,3c32fd396618df768529451115f74d27b81c787f7102574d15bb1ddadd42150c,0o644,canonical
01_CANONICAL/reverse_hessian/extensions/vp_vnp/paper/reverse_hessian_VP_VNP_upgrade.pdf,329922,1ef6b38542c90581687fd484906adb159e14f18e4d6b36a23af967535053b4ca,0o644,canonical
01_CANONICAL/reverse_hessian/extensions/vp_vnp/paper/reverse_hessian_VP_VNP_upgrade.tex,36431,49aa14600bd7e37970fe0dafc7b9be18425f4ce7f2d32aebeb9ab88423f51eeb,0o644,canonical
01_CANONICAL/reverse_hessian/extensions/vp_vnp/requirements.txt,14,25f9f1fb1988b230147a1d3092d34e09c069eb7a6c6d6df46b3973b9f2d36efc,0o644,canonical
01_CANONICAL/reverse_hessian/extensions/vp_vnp/research_notes/AUDIT_ARCHIVE.md,54121,3de91469c9caba9c75b03883c51aefb2b2786fbe65bd0be4518135f028f283c1,0o644,canonical
01_CANONICAL/reverse_hessian/extensions/vp_vnp/research_notes/CLAIMS.md,4633,a2b98f7ca83e5ebb424befbbff7fe0c10437bae6ff590f9fd9d419f3a01fb189,0o644,canonical
01_CANONICAL/reverse_hessian/extensions/vp_vnp/research_notes/EXECUTION_REPORT.md,1609,9914d1f7223a48ffd179661784b35a614cf0ef9566496559adee4d1e932d05e2,0o644,canonical
01_CANONICAL/reverse_hessian/extensions/vp_vnp/research_notes/FILES_TO_DELETE_OR_ARCHIVE.md,996,5ef3ce9af452f9650c4d926116d2e20a34800d463bc4c294f964fcddbf64fcd4,0o644,canonical
01_CANONICAL/reverse_hessian/extensions/vp_vnp/research_notes/FINAL_TREE.txt,5379,fcee82ef79e4e3c11832dee30ef941b3bdb3e0268b0ce7711481d536abdda380,0o644,canonical
01_CANONICAL/reverse_hessian/extensions/vp_vnp/research_notes/FORENSIC_ARCHIVE_PLAN.md,643,947d2961a6589ef4c3311eb55081cdf599c122b82ca0223b2ea280abc118b77d,0o644,canonical
01_CANONICAL/reverse_hessian/extensions/vp_vnp/research_notes/PUBLIC_REPO_PLAN.md,815,e183812aa0eab2b215b866ba014f3eec2d690cf6e6c92035488bc0b36cda3131,0o644,canonical
01_CANONICAL/reverse_hessian/extensions/vp_vnp/research_notes/RESULT_REPRODUCTION_TABLE.md,1983,2f98a5f703dc4140b7e1e7c411d429d980cc6642375160c6b0e3774fde4b7bb0,0o644,canonical
01_CANONICAL/reverse_hessian/extensions/vp_vnp/research_notes/anti_padding_covariants.md,2634,d79e5c159ef4ad95eb75b27c9b332ccaa4a0bf86a93ccd8b02fb756e8376c192,0o644,canonical
01_CANONICAL/reverse_hessian/extensions/vp_vnp/research_notes/beyond_catalecticants_search.md,2629,7a457c76135b94d6367877ade66d1875bf75844eba531754d1b9847c6216e95c,0o644,canonical
01_CANONICAL/reverse_hessian/extensions/vp_vnp/research_notes/breakthrough_axis_A_hessian_to_lower_bounds.md,3495,50de872d577018dfc3b80ab4c64e962e176b563ac1fad37efc2514c778021b72,0o644,canonical
01_CANONICAL/reverse_hessian/extensions/vp_vnp/research_notes/failed_attempts.md,1178,3ddc8a3ea33bdfde9772025965742607b4687e4dc231072f821a94dcbfe41344,0o644,canonical
01_CANONICAL/reverse_hessian/extensions/vp_vnp/research_notes/final_verdict.md,2070,1ca00119babe2f7bdc1686975f7cde8e6307e9447b30133d0f076da5f8862787,0o644,canonical
01_CANONICAL/reverse_hessian/extensions/vp_vnp/research_notes/literature_review.md,10969,1005929798cdf9599a67c3d1a2875f4729183d824c7360e84e2fd5226e75d06d,0o644,canonical
01_CANONICAL/reverse_hessian/extensions/vp_vnp/research_notes/multiplicity_obstruction_candidate.md,1800,fc5e2d9b3f60bd646d4539e706be5814f8a5f8b8e9550844319e863e88552d67,0o644,canonical
01_CANONICAL/reverse_hessian/extensions/vp_vnp/research_notes/new_conjectures_toward_VPneqVNP.md,2635,401695f9cede82a0a7dd44d9067dcd92cfc3bdffce4567efb2700f4043d404f7,0o644,canonical
01_CANONICAL/reverse_hessian/extensions/vp_vnp/run_all.py,157,d48e4533c0afb1bbee3d3842a42498719659067312827be89a5bbcbb4524b331,0o644,canonical
01_CANONICAL/reverse_hessian/extensions/vp_vnp/scripts/certify_catalecticant_ranks.py,7048,7684652b174a526999e403683c09acc507b5326194b811d103732a480eb66538,0o644,canonical
01_CANONICAL/reverse_hessian/extensions/vp_vnp/scripts/certify_squarefree_Dper3.py,4572,d6aa7f118445594f0b5351c314567e54340c81bb6954c0f64947b9f55f243bc8,0o644,canonical
01_CANONICAL/reverse_hessian/extensions/vp_vnp/scripts/check_reproducibility.py,1565,d6d1e769830553bb1d313151ee46616335ff497ab10782335a660193eea132e4,0o644,canonical
01_CANONICAL/reverse_hessian/extensions/vp_vnp/scripts/exploratory_flattenings.py,4814,c07b0a0b0ff8763c324288dcb1bee298302f07b9c2740cabc62753d1961e41b4,0o644,canonical
01_CANONICAL/reverse_hessian/extensions/vp_vnp/scripts/independent_catalecticant_check.py,7772,56f495265911aa36367c4aedcd0360c8e624604cb88060d6eb4b13ab23b98e26,0o644,canonical
01_CANONICAL/reverse_hessian/extensions/vp_vnp/scripts/independent_catalecticant_check.sage,2395,0e72455b3bf4b6efc231e42d711aa60a84a5c98c154ad0d32c7e17613a4b5232,0o644,canonical
01_CANONICAL/reverse_hessian/extensions/vp_vnp/scripts/normalize_certificates.py,918,2895d410db5c7b993200ee801af09924ec13d57def928ffc9791a5788bc42849,0o644,canonical
01_CANONICAL/reverse_hessian/extensions/vp_vnp/scripts/run_all.py,5108,7012a548b890a1019b6c17cf7e4be26dab057c9ec880de8649091b4c5ea8f6a5,0o644,canonical
01_CANONICAL/reverse_hessian/extensions/vp_vnp/scripts/transverse_hessian_experiments.py,2262,c76884556201c7ffefff7369cd6d1ac32235b99187ab760e3e5ac3e516fb7da8,0o644,canonical
01_CANONICAL/reverse_hessian/extensions/vp_vnp/scripts/verify_uniform_formulas.py,3522,eeddcfe0d2dd53b3409a22d539b1e15dc6cb89d2b37bae7b3412fbf1fee57826,0o644,canonical
01_CANONICAL/reverse_hessian/extensions/vp_vnp/tests/test_certificates.py,1429,c048cfe779967721041bedfd47d9498115c6deb0a084e2068fe486521a6fe208,0o644,canonical
01_CANONICAL/reverse_hessian/provenance/SOURCE_ARCHIVES.sha256,219,372bfcc684e75315f91a4b763445a61c723ffa48b390d3ed4c1dbdd1747dff46,0o644,canonical
01_CANONICAL/reverse_hessian/provenance/core_wrapper/ARCHIVE_AUDIT.md,1369,3add553d7164dc2488e34bb444be2d2cc8ef95f6de7cd31d1c8c49b1d7293c23,0o644,canonical
01_CANONICAL/reverse_hessian/provenance/core_wrapper/FULL_MANIFEST.txt,3040,a3385f36a4fda7d3b0ff12b86501e326f5b0879f91187312c0a409f19baa7247,0o644,canonical
01_CANONICAL/reverse_hessian/provenance/core_wrapper/README_SOURCE_PACKAGE.md,584,a4a3577081a54444f0f89655498fed77b85ee26ea521d739ea7d87b1f5557bab,0o644,canonical
01_CANONICAL/reverse_hessian/provenance/core_wrapper/SHA256SUMS_FULL.txt,7264,dd6026f706b94549cff1bb88a3343e96686f5897bfba5f62b1517bab29d512b0,0o644,canonical
01_CANONICAL/reverse_hessian/provenance/source_trees/reverse_hessian_VP_VNP_upgrade.members.txt,7263,861eaac9457bf3b46019d064518876fdf72067252734e9602002b85283469abf,0o644,canonical
01_CANONICAL/reverse_hessian/provenance/source_trees/reverse_hessian_nxn_audit_revised_full.members.txt,5652,7a29c4ccdb40118891daf148c4df9cd54deb06ef2a6616621b34cf2e8788adb4,0o644,canonical
01_CANONICAL/reverse_hessian/provenance/vp_vnp_wrapper/CLAIMS_SOURCE_PACKAGE.md,4633,a2b98f7ca83e5ebb424befbbff7fe0c10437bae6ff590f9fd9d419f3a01fb189,0o644,canonical
01_CANONICAL/reverse_hessian/provenance/vp_vnp_wrapper/README_SOURCE_PACKAGE.md,1633,a97aeb50984f58c1dffba29f631708ac4af86e063475b1ed0834c007e8ad0972,0o644,canonical
01_CANONICAL/reverse_hessian/rebuild_all.sh,280,10510f119b5e503ea4abb8e7224bb126c85531eb98177f5972c0221fef4d175e,0o644,canonical
01_CANONICAL/reverse_hessian/requirements.txt,28,c2e9e7c244ae7867606e6d8b3b0172d328e3f271edd51b3ef4f5451e407d8ca7,0o644,canonical
01_CANONICAL/reverse_hessian/tools/verify_combined_manifest.py,1206,65975f3be2453d9d12ceaf6a78e863829088c0c5cc0c808016ded1353c3c0b08,0o644,canonical
01_CANONICAL/reverse_hessian/verify_all.sh,473,733e3f3a03aea407cd89dde51f15702c5898bc4102d4bdc200132905f2a658bf,0o644,canonical
01_CANONICAL/reverse_hessian/verify_all_full.sh,470,483e141ad39b9bcf850834e2de3af096445a2905bd142e81e6ff88d7fd19865a,0o644,canonical
01_CANONICAL/synthesis_report/BUILD.md,227,2b455753a25e2eb85d98bc4b85953518f7a071c2da624c3d5aa112ebf9e37cf5,0o644,canonical
01_CANONICAL/synthesis_report/claim_matrix.tex,5843,8019455d940c8ed30bf81bc760595c8937ac874cb02409bfa8bdb2dee446af32,0o644,canonical
01_CANONICAL/synthesis_report/reverse_hessian_status_synthesis.pdf,69916,7c82e164732e6b0ae657698c71a296f6796c4209ef60abe9cd6cd0b99d4081cd,0o644,canonical
01_CANONICAL/synthesis_report/reverse_hessian_status_synthesis.tex,8572,5c47a0585d8d2d29c26f56e1158f5c1ac06c6d154d61c6db10cf6971abe6bd08,0o644,canonical
02_CLAIMS/CLAIM_ALIASES.csv,127,288e8789ba81e8842d677507f8eaf0cf6abec495855ae8385a46734ba0177b67,0o644,metadata_or_reproduction
02_CLAIMS/CLAIM_OCCURRENCES_138_VERDICTS.csv,39050,3f9d04a816faa2dc18eb286792ad788977f32611b4d4a83b270a3f8290583ca2,0o644,metadata_or_reproduction
02_CLAIMS/CLAIM_OCCURRENCES_138_VERDICTS.json,74761,6b5cda357391946352148ebd8f6d39935dcf596f8ec0b605b04b581eabac7e1b,0o644,metadata_or_reproduction
02_CLAIMS/OCCURRENCE_CORPUS_DEFINITION.md,439,4fd77fa5fe4627484c1e0f47d686cd175dc2f737ea6bfb57bf264cee4f361c9c,0o644,metadata_or_reproduction
02_CLAIMS/PROOF_ANCHORS.csv,4428,4d75f17f1ee18d931ab929f47bce8894532e66024df8455295c2d0c1ba5d99e7,0o644,metadata_or_reproduction
02_CLAIMS/RESULTS_CATALOG.csv,8967,e929546bc8c738dc0b58aee6b0325ee53a139b1486f1611bd9209054d2445e05,0o644,metadata_or_reproduction
02_CLAIMS/RESULTS_CATALOG.json,13574,7da988af62d65ffa4f17016f04387a1e085a86490b6c67911bee36553086d636,0o644,metadata_or_reproduction
02_CLAIMS/SCIENTIFIC_CLAIMS_27.csv,14912,0efd0a336eb53baf494ea91cda318ebeae6a1e7c4e8e294ba2355625bcf650fc,0o644,metadata_or_reproduction
02_CLAIMS/SCIENTIFIC_CLAIMS_27.json,26760,f22a489764ad21b1535db4b9694a613bef43e355646429eea80f9b35cba52f3a,0o644,metadata_or_reproduction
02_CLAIMS/SCIENTIFIC_CLAIMS_27.md,7613,524b8409eb2d0e74098622f280160e5947b1eb70c219bfb0ce21aad870fcbc39,0o644,metadata_or_reproduction
03_REPRODUCE/ENVIRONMENT_LOCK.json,435,0f8530918ff47747c4cb1f5c02d5d7775b9ece81461010c2902a7d8081248526,0o644,metadata_or_reproduction
03_REPRODUCE/PLATFORM_TEST_MATRIX.csv,407,e9e609921e2801be7d6c583c0e10f55461e8ee77a23da27ada7be443cc702dff,0o644,metadata_or_reproduction
03_REPRODUCE/PROTOCOLS_27.csv,21672,034da141ed4163d731065df0ffaadd516bea11ccd9bbc8f950cdea89ffd46330,0o644,metadata_or_reproduction
03_REPRODUCE/README.md,758,7505a43df857129df675a0b8f777171d21c38e127429a3af8973a346e4018ef8,0o644,metadata_or_reproduction
03_REPRODUCE/binary_format_tests.py,1422,ab947e9000ee7557f4981fbd81af365d86b22c40f700f707ee1ee8e95dc25167,0o644,metadata_or_reproduction
03_REPRODUCE/build_deterministic_zip.py,879,3fd54b5472275843ad4ba07dceaee24bb7f935f9272db62907858f0febc022b2,0o644,metadata_or_reproduction
03_REPRODUCE/build_manifest.py,3507,bde016a597083f8f787f326bb38680ce3c31fa1677324469ad127bf52e6bba93,0o755,metadata_or_reproduction
03_REPRODUCE/build_provenance_map.py,2112,b838d49c1eb773a0e68cc688e464a2a9156bd9cc84139e26f8800f5e7d31cdd5,0o755,metadata_or_reproduction
03_REPRODUCE/build_reverse_extension_pdf.sh,1005,509ea39133ae6842c9eee6653d34a2c324b1a1772c87dd3f367bdb2b0889e545,0o644,metadata_or_reproduction
03_REPRODUCE/build_synthesis_pdf.sh,857,d0c60bbe6bf4e2d91236ed6f6bc2c4b153ca2a3183a2f3aaa8aaa5ff379dc440,0o755,metadata_or_reproduction
03_REPRODUCE/claims_linter.py,1760,7a031dd86731ed4f63e90ccd801c636ccf4c7aa57107baaa44364033fb493682,0o755,metadata_or_reproduction
03_REPRODUCE/safe_paths.py,541,43102d00e4e6f7a81d02828790acdeb92e6ad8271647013c2f13e8537e9a9820,0o644,metadata_or_reproduction
03_REPRODUCE/security_scan.py,1211,362b77114dc17661859e54b953ca0ea3a2837e3ba7fa9864d1a243003c4274c5,0o644,metadata_or_reproduction
03_REPRODUCE/status_linter.py,1202,f80b3db2163f0afa947108c48e7685b8bfe1136036f35e7387a304fea3b45372,0o755,metadata_or_reproduction
03_REPRODUCE/treehash.py,3442,60822f4df48e70a981ead28070f2d7a1703823f80c17a07584aa012078fecf0d,0o644,metadata_or_reproduction
03_REPRODUCE/validate_tree.py,1920,8e65b17e0f8ee3a766963ec87aa76bfa6acce8fcba4ffce672f512072595c873,0o644,metadata_or_reproduction
03_REPRODUCE/verify_immutable.py,5029,54fb9683ebe61d1a97d8d12ca79e3be3096cedf13e8e64aa70735c930b7e0c3b,0o755,metadata_or_reproduction
03_REPRODUCE/verify_manifest.py,833,ed651b0cbf60242eb98f8fe930d8d7ba44284e50a87bfda12be5fef6bac1b3c7,0o644,metadata_or_reproduction
04_EVIDENCE/RELEASE_VALIDATION_2026-07-19.json,1427,af88a883a02ad45500216949c9fa187abbcad42b9308d6d508d8891820002a87,0o644,metadata_or_reproduction
04_EVIDENCE/RELEASE_VALIDATION_2026-07-19.md,887,5340c192111071157d0ecdf104de71a4bca81d0276358eb269040db12ecff156,0o644,metadata_or_reproduction
04_EVIDENCE/imported_historical/IMPORTED_EVIDENCE_INDEX.json,77,d23e75b0e554250d3acc9740395e6a982c602dff8ff2cc8db32452313fdbaa63,0o644,metadata_or_reproduction
04_EVIDENCE/imported_historical/compound_full/MASTER_REPRODUCTION_ATTESTATION.json,5174,e64b72cdadfacaede8f595b971f6a0ab321eb731ec63dfa6c1d53704fc474d77,0o644,metadata_or_reproduction
04_EVIDENCE/imported_historical/reverse_full/verify_all_full.exit,2,9a271f2a916b0b6ee6cecb2426f0b3206ef074578be55d9bc94f6f3fe3ab86aa,0o644,metadata_or_reproduction
04_EVIDENCE/pdf_determinism/reverse_extension_pdf_determinism.json,582,e0d40b3f41254c2a4a0b6ed520a7d6bd70aa9e79a1f5ec2491c1ad9dac7f20f6,0o644,metadata_or_reproduction
05_PROVENANCE/CHANGELOG_CORRECTIVE_V2.md,845,da1c0bf3b1822c0ccd27c9c65391860f17a550d0004ff726443590bf0a1b8d58,0o644,metadata_or_reproduction
05_PROVENANCE/HISTORICAL_EXCEPTIONS.md,712,bd81b0e8c16578856df9418b1e91fb68a4d92faac58505381ad610c04ffefa56,0o644,metadata_or_reproduction
05_PROVENANCE/PRIME_SEPARATION.md,508,c313b066de538d65b64314519e35433153d2f5116966804ae29613218e691c11,0o644,metadata_or_reproduction
05_PROVENANCE/PROVENANCE_MAP.csv,39913,b9b075926d9cdff9ba25aedc2c9aae66db3d7715025c7f877f07ea4be4d22ab8,0o644,metadata_or_reproduction
06_CI/README.md,216,3fea4631786e6378a36233795100d0b575eef3ac927cfc0bf933ccc5f8a6aaa3,0o644,metadata_or_reproduction
CHANGELOG.md,1276,6b933aa0215aede89b53759a01a7d75aae6513e4aa5e801e8e2dddd9d607bf3c,0o644,metadata_or_reproduction
CITATION.cff,388,e055a2278828d3b2251738132c8527e26a9ccf219a79cf1ca9d7cbababdb6038,0o644,metadata_or_reproduction
CONTRIBUTING.md,558,879ad6d82d843cf8f5052df97c308ab358a713908d107de755624debc34a36be,0o644,metadata_or_reproduction
LICENSE,1070,f89b4d786dbc1958ae2a5337805f7e51124a74ccce47c0712fccc6f7de440959,0o644,metadata_or_reproduction
Makefile,632,481ce8348b2f7ae303716497141e72c97a3233742510fd32ddcdea6c0483632d,0o644,metadata_or_reproduction
README.md,3526,202a0555173139b6dce2fe6a66fe5a280632204daa154c613f7e5fb6efafbe41,0o644,metadata_or_reproduction
docs/CLAIMS.md,521,700156af913c930881f6d5f9f0612a1e4584625ad77a1da0f05881cc69355dea,0o644,metadata_or_reproduction
docs/NONCLAIMS.md,479,34608f6c14a69ad7a0c83a5712a552e0db6b938ccdface6f5c5b9bfc9a92fd2f,0o644,metadata_or_reproduction
docs/RELEASE_ASSETS.md,466,72d4fad0d0df1941659c19f0059a05e4d4df39ee7ac3c46f6d7a624300a38f4a,0o644,metadata_or_reproduction
docs/REPRODUCIBILITY.md,886,a8e70e7a102ed6040dc81d4c31fc9f1590d1803cda7e14af6fecafddf5eba9c4,0o644,metadata_or_reproduction
docs/STATUS.md,630,ef8539f977433ca5e3667818d1761ebd55a8b502c94111969847f07362bc8b75,0o644,metadata_or_reproduction
pyproject.toml,292,297d28af00cb0dfe8c06895915abfc6de4360c968c2493fb390b88bb51b80c0f,0o644,metadata_or_reproduction
requirements.txt,28,c2e9e7c244ae7867606e6d8b3b0172d328e3f271edd51b3ef4f5451e407d8ca7,0o644,metadata_or_reproduction
